Timestamp,Temperatura(C),Umidade(%),PPM_CO2
2025-06-02 12:05:21.704,24.3804429868,65.401779447,400.0
2025-06-02 12:10:21.704,23.5308659844,62.3207985364,400.0
2025-06-02 12:15:21.704,22.9926963215,62.5381188621,400.0
2025-06-02 12:20:21.704,23.2413655245,62.2524587596,400.0
2025-06-02 12:25:21.704,24.9851430366,63.1558933594,400.0
2025-06-02 12:30:21.704,24.3384431162,59.8519240949,400.0
2025-06-02 12:35:21.704,25.0345573099,61.1367689189,400.0
2025-06-02 12:40:21.704,25.031840312900002,62.2109976649,400.0
2025-06-02 12:45:21.704,25.15767873,61.2638229717,400.0
2025-06-02 12:50:21.704,25.1237368643,60.0194421661,400.0
2025-06-02 12:55:21.704,25.3202934191,61.4073367614,400.0
2025-06-02 13:00:21.704,24.7198927284,62.4005013747,400.0
2025-06-02 13:05:21.704,24.8278672842,60.7382854625,400.0
2025-06-02 13:10:21.704,25.2199843781,57.3970219,400.0
2025-06-02 13:15:21.704,24.8867218149,59.5791850548,400.0
2025-06-02 13:20:21.704,25.3478053306,57.8097727282,400.0
2025-06-02 13:25:21.704,24.9920485279,54.6867234646,400.0
2025-06-02 13:30:21.704,26.396520213,51.8884409135,400.0
2025-06-02 13:35:21.704,26.7029188943,54.2067524524,400.0
2025-06-02 13:40:21.704,26.2005041816,53.2378608986,400.0
2025-06-02 13:45:21.704,27.5464152391,53.8160352239,400.0
2025-06-02 13:50:21.704,25.9492126663,51.4752970555,400.0
2025-06-02 13:55:21.704,26.6424066645,51.8868562162,400.0
2025-06-02 14:00:21.704,27.645238649,51.5434936053,400.0
2025-06-02 14:05:21.704,26.2807141096,53.4556629771,400.0
2025-06-02 14:10:21.704,27.3618485702,51.8583500823,400.0
2025-06-02 14:15:21.704,27.3681463245,47.0158692482,400.0
2025-06-02 14:20:21.704,26.975274512,51.3370628314,400.0
2025-06-02 14:25:21.704,26.6387897385,48.3607237334,400.0
2025-06-02 14:30:21.704,27.367680681,48.1476958599,400.0
2025-06-02 14:35:21.704,27.4495791035,49.5441453229,400.0
2025-06-02 14:40:21.704,28.1162675029,50.5531313374,400.0
2025-06-02 14:45:21.704,27.676920440499998,47.4483937397,400.0
2025-06-02 14:50:21.704,28.8867927386,46.0902737313,400.0
2025-06-02 14:55:21.704,28.114892315,48.0481661706,400.0
2025-06-02 15:00:21.704,28.313544434,47.5075290837,400.0
2025-06-02 15:05:21.704,28.264306563,44.542014702,400.0
2025-06-02 15:10:21.704,27.8568718559,47.1322495556,400.0
2025-06-02 15:15:21.704,29.6289325426,49.420148438,400.0
2025-06-02 15:20:21.704,28.5542456499,45.1037360206,400.0
2025-06-02 15:25:21.704,28.1416755483,41.6902696145,400.0
2025-06-02 15:30:21.704,28.2934206187,48.5205388053,400.0
2025-06-02 15:35:21.704,29.0423589503,50.4248618739,400.0
2025-06-02 15:40:21.704,29.2696914808,44.3480706211,400.0
2025-06-02 15:45:21.704,29.5142953071,43.1552101239,400.0
2025-06-02 15:50:21.704,28.7705945982,46.8048268543,400.0
2025-06-02 15:55:21.704,28.4394054651,46.250985809,400.0
2025-06-02 16:00:21.704,29.1447326174,44.6035588514,400.0
2025-06-02 16:05:21.704,29.2045124887,42.5872868063,400.0
2025-06-02 16:10:21.704,28.9387424978,41.9016682188,400.0
2025-06-02 16:15:21.704,28.6854138575,45.6631756412,401.4213863859
2025-06-02 16:20:21.704,29.742913985,42.6841178545,406.8685802706
2025-06-02 16:25:21.704,29.0596408376,39.8394045911,400.0
2025-06-02 16:30:21.704,28.8059267583,40.3503769629,400.0
2025-06-02 16:35:21.704,29.3651540251,41.4818342431,400.0
2025-06-02 16:40:21.704,29.8290218369,42.0269130335,400.0
2025-06-02 16:45:21.704,29.4624215175,40.9467347997,415.0342356166
2025-06-02 16:50:21.704,29.7028578587,42.2248688377,400.0
2025-06-02 16:55:21.704,29.6858635255,45.6705486382,400.0
2025-06-02 17:00:21.704,29.893373853900002,40.3501867629,400.0
2025-06-02 17:05:21.704,29.6249449193,45.1207814607,422.0451428939
2025-06-02 17:10:21.704,31.422093067,46.294826194,417.5565447578
2025-06-02 17:15:21.704,29.4341914761,41.5969848892,400.0
2025-06-02 17:20:21.704,30.1716025939,40.1797998472,412.6243550969
2025-06-02 17:25:21.704,29.7178123349,37.8862664967,423.9555750605
2025-06-02 17:30:21.704,30.5070239159,37.6384181827,453.0275517096
2025-06-02 17:35:21.704,29.7863903598,39.3142135866,400.2628286603
2025-06-02 17:40:21.704,30.0268346097,37.0895667586,453.1615026392
2025-06-02 17:45:21.704,30.9115036814,40.5451878148,455.1016382546
2025-06-02 17:50:21.704,30.4096028608,38.8778300872,459.1536257018
2025-06-02 17:55:21.704,29.8291987748,36.8723163204,425.6970001054
2025-06-02 18:00:21.704,30.2738034973,40.6642508824,446.8373266281
2025-06-02 18:05:21.704,30.3322815875,39.2553883992,453.8969380312
2025-06-02 18:10:21.704,29.0099558944,37.6031527609,457.3207712242
2025-06-02 18:15:21.704,29.690224271,37.9223213004,449.0960918971
2025-06-02 18:20:21.704,29.9843887819,39.9198188075,438.5695436658
2025-06-02 18:25:21.704,30.5357450128,43.0085457766,451.7423646227
2025-06-02 18:30:21.704,30.1917425987,40.5156968071,453.8950979328
2025-06-02 18:35:21.704,29.4305551261,37.1319805835,484.3081390066
2025-06-02 18:40:21.704,29.0811535834,39.1883977482,477.6068904086
2025-06-02 18:45:21.704,29.2197795019,36.7957246827,451.8046855213
2025-06-02 18:50:21.704,30.1630004528,43.5068416368,480.7712599851
2025-06-02 18:55:21.704,29.9127627015,40.3916557353,471.6492825158
2025-06-02 19:00:21.704,29.6883317503,39.3206953583,463.2896508602
2025-06-02 19:05:21.704,29.90194071,40.5589644733,524.2363858791
2025-06-02 19:10:21.704,29.7082939684,38.55500446,470.6619049521
2025-06-02 19:15:21.704,30.0643948303,41.4438756487,527.7879887315
2025-06-02 19:20:21.704,29.4384577013,42.1076110196,481.8930678259
2025-06-02 19:25:21.704,29.4634319532,42.0397128783,499.4677961688
2025-06-02 19:30:21.704,29.9008814102,43.5071959253,495.5917344589
2025-06-02 19:35:21.704,28.6013784772,42.0614384075,503.41597158
2025-06-02 19:40:21.704,29.6548673282,42.5713636513,491.6415264015
2025-06-02 19:45:21.704,29.1899526448,41.84764628,508.2881846121
2025-06-02 19:50:21.704,29.183204189,43.3040690509,526.0160453799
2025-06-02 19:55:21.704,30.0637393331,40.3584551484,530.8338227562
2025-06-02 20:00:21.704,29.5220275765,42.3010864416,526.4974182177
2025-06-02 20:05:21.704,28.823210828,44.6354979057,504.8161957633
2025-06-02 20:10:21.704,29.2829254212,42.8936268828,509.7582025051
2025-06-02 20:15:21.704,29.306821856,43.1647565332,514.3602183847
2025-06-02 20:20:21.704,28.7708675903,44.3208719932,520.1950530737
2025-06-02 20:25:21.704,29.7200291859,46.6501767964,571.2257115302
2025-06-02 20:30:21.704,29.3365694113,43.9106072534,559.2938006019
2025-06-02 20:35:21.704,29.0570914895,46.2112432734,556.6424290886
2025-06-02 20:40:21.704,28.9210258106,46.3568476398,546.2193425314
2025-06-02 20:45:21.704,28.6349140377,44.7071961747,538.2968350533
2025-06-02 20:50:21.704,28.6006269082,44.8714477198,556.8517596805
2025-06-02 20:55:21.704,27.8620976391,48.2188510022,567.6255305817
2025-06-02 21:00:21.704,27.645572709,45.5429786352,559.1087816227
2025-06-02 21:05:21.704,28.5415396735,44.4013117318,560.2131926092
2025-06-02 21:10:21.704,28.2195574698,48.9884371073,545.3173784481
2025-06-02 21:15:21.704,27.6478601096,50.8360773782,578.035260485
2025-06-02 21:20:21.704,27.7068453332,45.3840461523,565.9000640934
2025-06-02 21:25:21.704,27.7217432736,48.4800643231,559.7391215123
2025-06-02 21:30:21.704,28.9182696614,51.0216643463,565.3842426475
2025-06-02 21:35:21.704,27.4490766409,48.3858228933,572.9145468036
2025-06-02 21:40:21.704,28.4084766719,48.1624135645,559.7412242536
2025-06-02 21:45:21.704,27.9057936363,52.1859874908,585.5886264985
2025-06-02 21:50:21.704,27.5753417927,52.1998812237,572.3942815026
2025-06-02 21:55:21.704,27.1983344721,51.8038243479,586.307791634
2025-06-02 22:00:21.704,27.070803993,48.6110387539,577.9850943748
2025-06-02 22:05:21.704,27.0743015544,53.2997725483,560.8005977595
2025-06-02 22:10:21.704,27.176370745,51.8602494513,608.1175277205
2025-06-02 22:15:21.704,27.1007705415,53.4910768587,592.9994547473
2025-06-02 22:20:21.704,26.831351881,54.526150893,627.3178204504
2025-06-02 22:25:21.704,27.2441520596,57.9714419555,571.0702438755
2025-06-02 22:30:21.704,25.9405227946,52.5924388681,600.6846335409
2025-06-02 22:35:21.704,26.5464898332,56.1856218069,589.7676975329
2025-06-02 22:40:21.704,25.1802665054,55.4387637689,619.6634513815
2025-06-02 22:45:21.704,25.9665925047,59.4423287946,619.3970970013
2025-06-02 22:50:21.704,26.0357638253,59.0600965441,584.7338629801
2025-06-02 22:55:21.704,25.3199590097,57.5619283586,609.9856962328
2025-06-02 23:00:21.704,25.71880512,57.4721551529,589.9730604487
2025-06-02 23:05:21.704,24.8768118952,59.5726928749,588.1059354252
2025-06-02 23:10:21.704,25.4956283045,57.9798147048,604.1281710484
2025-06-02 23:15:21.704,25.3189334636,58.0874876538,626.2173545067
2025-06-02 23:20:21.704,25.2490500146,58.4380448729,600.5507689058
2025-06-02 23:25:21.704,25.6545552615,62.2089421438,588.4948776322
2025-06-02 23:30:21.704,24.8606626061,61.4507638184,585.5778056604
2025-06-02 23:35:21.704,24.4311032594,61.2380357122,610.9202506008
2025-06-02 23:40:21.704,23.7434576976,62.9920800543,601.0085457446
2025-06-02 23:45:21.704,24.5350208938,62.0691079817,600.7553479528
2025-06-02 23:50:21.704,24.3553298805,64.8333734137,599.0678082036
2025-06-02 23:55:21.704,22.9816344789,61.6210604582,608.9985815955
2025-06-03 00:00:21.704,24.8240815841,66.7463080104,609.414185482
2025-06-03 00:05:21.704,23.6076760481,65.2678687282,594.9547371593
2025-06-03 00:10:21.704,24.2913668509,62.7965545166,586.4211258259
2025-06-03 00:15:21.704,23.6465526879,65.2967103982,613.9176922613
2025-06-03 00:20:21.704,22.5894201211,67.1906740258,634.3583113939
2025-06-03 00:25:21.704,23.6668242753,67.3658415029,582.4484460367
2025-06-03 00:30:21.704,23.4455297079,65.1434100288,607.2598929888
2025-06-03 00:35:21.704,23.1620819977,65.8291714867,606.74204861
2025-06-03 00:40:21.704,23.3513674622,71.4778693933,592.8104519802
2025-06-03 00:45:21.704,22.482175829,71.3659340637,591.6284313914
2025-06-03 00:50:21.704,23.1439488388,68.819066904,665.3319044321
2025-06-03 00:55:21.704,23.1706245774,69.0432448341,615.4679629595
2025-06-03 01:00:21.704,22.7365064789,69.5644706449,602.9448142499
2025-06-03 01:05:21.704,22.0800731068,73.0064870804,590.1766203289
2025-06-03 01:10:21.704,22.5282296571,71.8485111113,595.3420539354
2025-06-03 01:15:21.704,22.3742275934,71.7158516681,594.2196654182
2025-06-03 01:20:21.704,22.7379482762,73.4041590529,583.6977180574
2025-06-03 01:25:21.704,21.5565156676,73.430819225,604.8080791586
2025-06-03 01:30:21.704,21.8873992403,72.3667673791,584.352761419
2025-06-03 01:35:21.704,22.4094350827,73.4637033323,607.5843788109
2025-06-03 01:40:21.704,21.7817319717,78.112489252,583.1884121524
2025-06-03 01:45:21.704,21.9214891591,77.3045400005,584.0006166286
2025-06-03 01:50:21.704,21.2775823825,72.0457367015,569.5327929756
2025-06-03 01:55:21.704,21.0857984886,76.6779566615,614.0761759274
2025-06-03 02:00:21.704,21.0429162114,74.0111737043,568.863286439
2025-06-03 02:05:21.704,20.8595933303,73.5726907915,601.8595329438
2025-06-03 02:10:21.704,21.3018751656,78.1018976913,568.9715701078
2025-06-03 02:15:21.704,20.899797474,78.3961152509,579.352469427
2025-06-03 02:20:21.704,20.2639881734,76.1386672562,568.8458869519
2025-06-03 02:25:21.704,20.3526313467,77.9344630167,565.6664879047
2025-06-03 02:30:21.704,20.8503737713,82.1648346281,578.9479605455
2025-06-03 02:35:21.704,20.8575352559,80.0462062297,588.2285623669
2025-06-03 02:40:21.704,20.3888292291,84.1258181397,553.8118363129
2025-06-03 02:45:21.704,19.6686758657,79.3418586568,568.3208566081
2025-06-03 02:50:21.704,19.6290546157,83.8951700649,550.0068004771
2025-06-03 02:55:21.704,19.7532996301,85.386888351,601.5474299116
2025-06-03 03:00:21.704,20.047475049,82.9095400215,551.3387544812
2025-06-03 03:05:21.704,19.7347564092,81.6281817921,531.8038137742
2025-06-03 03:10:21.704,20.5780159401,82.2773386558,574.5091613325
2025-06-03 03:15:21.704,19.7675872227,82.7036829208,545.2677469855
2025-06-03 03:20:21.704,19.0430500597,81.341755932,537.9544956898
2025-06-03 03:25:21.704,19.4055263291,86.4919476754,531.2570136796
2025-06-03 03:30:21.704,19.4036961914,87.0635344354,549.4866299183
2025-06-03 03:35:21.704,18.8066931974,85.3782510163,551.8279917951
2025-06-03 03:40:21.704,17.7589540067,87.086367718,542.2762084089
2025-06-03 03:45:21.704,18.9104362535,83.4518563671,574.4277429912
2025-06-03 03:50:21.704,19.1071127572,84.0081962004,550.0896745614
2025-06-03 03:55:21.704,19.5193812989,87.8166574775,528.8250892221
2025-06-03 04:00:21.704,18.2785279498,84.5031654256,529.1904348943
2025-06-03 04:05:21.704,18.882555089,86.9756048862,511.3686686459
2025-06-03 04:10:21.704,18.042448696,88.7653536784,508.616689178
2025-06-03 04:15:21.704,19.1190512431,87.7321971995,513.0207774905
2025-06-03 04:20:21.704,18.0578771648,88.2669961968,514.3535114313
2025-06-03 04:25:21.704,17.4825307249,88.6351692052,495.1084330377
2025-06-03 04:30:21.704,17.842987377100002,89.3250187783,531.5651284671
2025-06-03 04:35:21.704,17.550906287,85.6889668545,514.9322133986
2025-06-03 04:40:21.704,18.387323732,89.3793547353,471.6197118115
2025-06-03 04:45:21.704,17.7298553388,87.0049306603,488.2461081913
2025-06-03 04:50:21.704,18.2166989539,85.7469391428,517.0919855359
2025-06-03 04:55:21.704,18.1455226735,86.3743216555,506.3421462459
2025-06-03 05:00:21.704,17.9861286331,91.5263720381,519.9689433756
2025-06-03 05:05:21.704,18.8145285206,90.515859125,506.4182149496
2025-06-03 05:10:21.704,18.5486931881,90.624885826,469.1853475812
2025-06-03 05:15:21.704,17.7811107545,84.9135809583,496.0930626155
2025-06-03 05:20:21.704,17.532320542,89.532971898,465.4605835176
2025-06-03 05:25:21.704,18.0136575508,91.2679828803,469.1487748163
2025-06-03 05:30:21.704,18.6188689542,90.2956132215,463.6815497766
2025-06-03 05:35:21.704,18.3425795837,87.7324755154,476.3922978938
2025-06-03 05:40:21.704,18.4260218855,87.3786677096,465.1487407183
2025-06-03 05:45:21.704,18.6798521557,90.7290606158,469.7875550278
2025-06-03 05:50:21.704,18.0714919265,91.7931995639,490.5217104695
2025-06-03 05:55:21.704,17.4458613057,91.4462941971,440.9443427695
2025-06-03 06:00:21.704,17.8108148078,90.9737424497,450.2420437003
2025-06-03 06:05:21.704,17.9425887433,90.1451620954,441.6789876695
2025-06-03 06:10:21.704,18.983794715,91.1110368602,447.443162463
2025-06-03 06:15:21.704,18.4498411845,87.1005784328,427.4354599913
2025-06-03 06:20:21.704,16.9106607174,86.7164685996,426.9667832729
2025-06-03 06:25:21.704,17.6400643263,87.9851580985,440.7840891646
2025-06-03 06:30:21.704,17.2735942375,92.820534981,425.4204205939
2025-06-03 06:35:21.704,18.1154724768,89.0642714777,462.1217016482
2025-06-03 06:40:21.704,17.5465843145,90.9640988639,445.4150198161
2025-06-03 06:45:21.704,17.9488401025,92.0506621592,411.3033553391
2025-06-03 06:50:21.704,18.8016741954,89.7774425899,424.80088268
2025-06-03 06:55:21.704,17.961067724,89.5545296609,425.7845651371
2025-06-03 07:00:21.704,17.8253026624,88.4510419074,424.6138048152
2025-06-03 07:05:21.704,18.7684231731,91.9125376994,400.0
2025-06-03 07:10:21.704,18.9050072829,89.3948710274,405.5732374202
2025-06-03 07:15:21.704,19.1359459318,89.0799535316,400.0
2025-06-03 07:20:21.704,18.5481849123,90.4816666627,400.0
2025-06-03 07:25:21.704,18.6182395959,87.3153767436,400.0
2025-06-03 07:30:21.704,18.7613776592,88.7980595121,400.0
2025-06-03 07:35:21.704,18.1367710045,88.0281715076,400.0
2025-06-03 07:40:21.704,18.0240888868,88.6090853204,400.0
2025-06-03 07:45:21.704,18.363696011000002,87.1168514858,400.0
2025-06-03 07:50:21.704,18.5032527922,90.6486974449,400.0
2025-06-03 07:55:21.704,18.5938967701,90.362202016,427.765900306
2025-06-03 08:00:21.704,18.6057588406,84.5264494422,400.0
2025-06-03 08:05:21.704,18.5007476897,86.7626843168,400.0
2025-06-03 08:10:21.704,18.8423814063,86.5415101879,400.0
2025-06-03 08:15:21.704,19.490954756,87.2985946131,400.0
2025-06-03 08:20:21.704,18.8585625801,85.3539762119,400.0
2025-06-03 08:25:21.704,18.6585465358,85.0231697856,400.0
2025-06-03 08:30:21.704,19.0996439824,84.19204548,400.0
2025-06-03 08:35:21.704,19.973339721,85.2214934975,400.0
2025-06-03 08:40:21.704,20.102950699,85.9641458316,400.0
2025-06-03 08:45:21.704,19.887353349,85.3244910301,400.0
2025-06-03 08:50:21.704,20.0955163769,86.4170512978,400.0
2025-06-03 08:55:21.704,19.0052013547,82.5022088389,400.0
2025-06-03 09:00:21.704,18.9885895645,82.4733865487,400.0
2025-06-03 09:05:21.704,19.4201640606,80.8679332353,400.0
2025-06-03 09:10:21.704,19.3615159642,83.6580309512,400.0
2025-06-03 09:15:21.704,19.3932937822,83.3949532744,400.0
2025-06-03 09:20:21.704,20.3407648094,83.2276044603,400.0
2025-06-03 09:25:21.704,20.3325189584,78.4518284661,400.0
2025-06-03 09:30:21.704,19.5804266,80.4881099659,400.0
2025-06-03 09:35:21.704,20.2751980164,82.7832192268,400.0
2025-06-03 09:40:21.704,20.6734611943,81.5041378427,400.0
2025-06-03 09:45:21.704,20.568335098,78.3178061047,400.0
2025-06-03 09:50:21.704,20.271889988,79.7609342214,400.0
2025-06-03 09:55:21.704,21.1238608637,76.5891601601,400.0
2025-06-03 10:00:21.704,20.6288881871,78.2115824711,400.0
2025-06-03 10:05:21.704,20.5674301301,76.9413568295,400.0
2025-06-03 10:10:21.704,20.7971962409,77.1633896562,400.0
2025-06-03 10:15:21.704,21.1409302138,74.5021927692,400.0
2025-06-03 10:20:21.704,21.4942523785,78.043450711,400.0
2025-06-03 10:25:21.704,21.6742202063,75.7228013798,400.0
2025-06-03 10:30:21.704,21.3764378928,75.2485670916,400.0
2025-06-03 10:35:21.704,21.2594749022,75.9935019637,400.0
2025-06-03 10:40:21.704,22.4157625408,74.8391040927,400.0
2025-06-03 10:45:21.704,22.7837040756,73.9793318874,400.0
2025-06-03 10:50:21.704,22.1755165137,70.072418913,400.0
2025-06-03 10:55:21.704,22.9510415655,71.5493215582,400.0
2025-06-03 11:00:21.704,22.6206890961,72.1119527863,400.0
2025-06-03 11:05:21.704,23.3248939289,71.795827889,400.0
2025-06-03 11:10:21.704,22.0865176038,71.009235964,400.0
2025-06-03 11:15:21.704,21.7802568433,68.5416053708,400.0
2025-06-03 11:20:21.704,22.8429265233,70.7047489789,400.0
2025-06-03 11:25:21.704,22.9583102977,68.4379716808,400.0
2025-06-03 11:30:21.704,23.4123958608,71.3449240903,400.0
2025-06-03 11:35:21.704,23.3786642626,69.2069424636,400.0
2025-06-03 11:40:21.704,21.9866699234,68.0805547245,400.0
2025-06-03 11:45:21.704,23.3280071526,65.2788391966,400.0
2025-06-03 11:50:21.704,24.3126757112,65.7107469149,400.0
2025-06-03 11:55:21.704,24.1206293092,67.374535291,400.0
2025-06-03 12:00:21.704,23.4043943837,63.5767243784,400.0
2025-06-03 12:05:21.704,24.9094368224,65.5125859024,400.0
2025-06-03 12:10:21.704,23.755431537,63.7618208406,400.0
2025-06-03 12:15:21.704,24.3955188357,66.7708493084,400.0
2025-06-03 12:20:21.704,24.4049378884,61.8232446436,400.0
2025-06-03 12:25:21.704,24.4348361096,63.625164503,400.0
2025-06-03 12:30:21.704,26.1100756065,64.2175138639,400.0
2025-06-03 12:35:21.704,24.7386007914,63.4831615581,400.0
2025-06-03 12:40:21.704,25.3978590432,61.5751356521,400.0
2025-06-03 12:45:21.704,25.6902188272,58.0781305742,400.0
2025-06-03 12:50:21.704,25.2313534162,63.3215018537,400.0
2025-06-03 12:55:21.704,25.4386400432,58.0970588614,400.0
2025-06-03 13:00:21.704,26.1132441145,61.0051307912,400.0
2025-06-03 13:05:21.704,25.4379103107,56.7327508865,400.0
2025-06-03 13:10:21.704,25.0185958867,57.4988541016,400.0
2025-06-03 13:15:21.704,26.168220753900002,55.1449564932,400.0
2025-06-03 13:20:21.704,26.6576822425,56.6900320372,400.0
2025-06-03 13:25:21.704,26.1776913383,56.2219366508,400.0
2025-06-03 13:30:21.704,25.6543760663,53.8820213436,400.0
2025-06-03 13:35:21.704,26.0766740343,51.2163801202,400.0
2025-06-03 13:40:21.704,25.9820155451,54.315459218,400.0
2025-06-03 13:45:21.704,26.6091417804,55.3093838528,400.0
2025-06-03 13:50:21.704,27.0885126633,54.0168878975,400.0
2025-06-03 13:55:21.704,27.9118956561,57.744827527,400.0
2025-06-03 14:00:21.704,27.3639866816,51.2093971045,400.0
2025-06-03 14:05:21.704,25.3250139799,54.0677713964,400.0
2025-06-03 14:10:21.704,26.2081215643,52.0152401287,400.0
2025-06-03 14:15:21.704,26.5798583879,50.6325162211,400.0
2025-06-03 14:20:21.704,27.3041045479,52.015307698,400.0
2025-06-03 14:25:21.704,26.8577004653,54.9254566616,400.0
2025-06-03 14:30:21.704,27.5651068374,51.3774001869,400.0
2025-06-03 14:35:21.704,27.1370826337,50.411411073,400.0
2025-06-03 14:40:21.704,27.783735459,49.1283697115,400.0
2025-06-03 14:45:21.704,27.5530173028,44.9707950169,400.0
2025-06-03 14:50:21.704,27.889967682,48.2292889711,400.0
2025-06-03 14:55:21.704,27.595747178,50.0360804051,400.0
2025-06-03 15:00:21.704,28.7942706783,48.7318563548,400.0
2025-06-03 15:05:21.704,28.1069891924,46.1467756836,400.0
2025-06-03 15:10:21.704,28.7299383933,46.1698027362,400.0
2025-06-03 15:15:21.704,28.0620002625,49.5914090736,400.0
2025-06-03 15:20:21.704,28.1184108918,47.1215561775,400.0
2025-06-03 15:25:21.704,29.11366135,44.3511627342,400.0
2025-06-03 15:30:21.704,29.4970389353,47.8890787937,400.0
2025-06-03 15:35:21.704,28.0278515641,42.4580440795,400.0
2025-06-03 15:40:21.704,29.1435463053,43.154578624,400.0
2025-06-03 15:45:21.704,27.9126594548,46.1968403667,400.0
2025-06-03 15:50:21.704,29.1130429407,43.7358751554,400.0
2025-06-03 15:55:21.704,29.4555555836,40.4635250736,400.0
2025-06-03 16:00:21.704,28.7809967166,42.7851785229,400.0
2025-06-03 16:05:21.704,29.2450075162,41.1009275298,400.0
2025-06-03 16:10:21.704,29.2355509551,44.6975103212,400.0
2025-06-03 16:15:21.704,29.7629953926,40.6028695338,414.3632955836
2025-06-03 16:20:21.704,29.7421561901,45.6971828581,400.0
2025-06-03 16:25:21.704,29.5725982973,36.5305013511,418.106434637
2025-06-03 16:30:21.704,29.1475167882,43.4776723862,400.0
2025-06-03 16:35:21.704,28.812803442,41.9951310787,400.0
2025-06-03 16:40:21.704,29.9413774143,42.2372427944,400.0
2025-06-03 16:45:21.704,29.5496371709,41.0031169705,400.7153052414
2025-06-03 16:50:21.704,29.6553883165,39.1577366854,400.0
2025-06-03 16:55:21.704,30.3811363501,47.5354283441,406.5895407698
2025-06-03 17:00:21.704,29.5257724285,41.4897385826,400.2136756798
2025-06-03 17:05:21.704,29.4276360525,37.3727491589,400.0
2025-06-03 17:10:21.704,29.9352532053,40.5284816825,415.5102510346
2025-06-03 17:15:21.704,30.0154085136,39.8873649616,424.9061349162
2025-06-03 17:20:21.704,30.2341338767,42.7065500629,434.0646736067
2025-06-03 17:25:21.704,29.0263995772,41.1702795804,442.4438576729
2025-06-03 17:30:21.704,29.5522222819,39.9612611326,429.2604801796
2025-06-03 17:35:21.704,29.9024045954,38.4582816804,433.4220406082
2025-06-03 17:40:21.704,29.0629467567,41.2586524501,427.0470331664
2025-06-03 17:45:21.704,30.9854377985,40.4479663587,441.8811498436
2025-06-03 17:50:21.704,30.0167772304,40.5901935767,463.7696669215
2025-06-03 17:55:21.704,29.4197535916,43.9755147463,463.9819152392
2025-06-03 18:00:21.704,29.1685711352,35.9873858358,458.5220594953
2025-06-03 18:05:21.704,29.8322901941,34.4144323092,450.1273235961
2025-06-03 18:10:21.704,30.1678785129,41.5844187989,444.3522971095
2025-06-03 18:15:21.704,29.6044571909,41.5597822593,473.4460994618
2025-06-03 18:20:21.704,30.4524610732,40.2308236961,479.7328340256
2025-06-03 18:25:21.704,30.3916251409,37.292054293,484.9275223536
2025-06-03 18:30:21.704,29.5150351172,40.7785503635,504.3787215208
2025-06-03 18:35:21.704,29.2799815522,42.2118201462,471.7007786201
2025-06-03 18:40:21.704,30.4859011683,43.1507856352,469.7716960325
2025-06-03 18:45:21.704,29.6464498396,39.1585731963,466.5977116167
2025-06-03 18:50:21.704,30.0797999477,37.2501739473,487.3583554568
2025-06-03 18:55:21.704,29.9687583857,39.201336566,499.8725761344
2025-06-03 19:00:21.704,30.548973728500002,42.3587268591,484.8937872258
2025-06-03 19:05:21.704,29.5856920341,41.9633593918,490.34486778630003
2025-06-03 19:10:21.704,28.9557796353,39.7611041712,499.3848749568
2025-06-03 19:15:21.704,29.9209460419,42.1249525152,479.4598392357
2025-06-03 19:20:21.704,29.0884798619,36.1882144747,495.7452092185
2025-06-03 19:25:21.704,28.7043361601,40.9173294031,518.2370292383
2025-06-03 19:30:21.704,30.0921772574,43.1392874722,505.1496915872
2025-06-03 19:35:21.704,29.2759856398,41.9856978037,539.5686277505
2025-06-03 19:40:21.704,29.2713352114,42.8070302521,557.4580987753
2025-06-03 19:45:21.704,30.1802179215,40.3006763491,493.3591956346
2025-06-03 19:50:21.704,29.5743228599,40.575119962,511.6330465765
2025-06-03 19:55:21.704,28.9130765039,45.8496904659,511.3731660762
2025-06-03 20:00:21.704,29.106163475,42.4380078651,559.1961432759
2025-06-03 20:05:21.704,28.8032189716,44.99009722,516.0326964757
2025-06-03 20:10:21.704,29.407670378,45.4948666403,553.8335592352
2025-06-03 20:15:21.704,30.134012443,41.16944633,524.6343104661
2025-06-03 20:20:21.704,29.3074045551,42.191675419,541.4304993661
2025-06-03 20:25:21.704,28.4191188531,45.0306859114,540.5653799425
2025-06-03 20:30:21.704,28.3036644151,45.7060492261,522.7877210457
2025-06-03 20:35:21.704,28.1522105371,43.470788959,556.2598277425
2025-06-03 20:40:21.704,28.7921552461,44.1357308854,538.6342789466
2025-06-03 20:45:21.704,28.564349625,47.7775833775,526.4848722258
2025-06-03 20:50:21.704,28.4295694478,46.2193433777,530.3456519356
2025-06-03 20:55:21.704,27.9948962737,46.9882339335,568.8955218026
2025-06-03 21:00:21.704,28.3979032439,49.9237197639,556.8066820685
2025-06-03 21:05:21.704,28.5185045926,44.0787801498,540.0095884323
2025-06-03 21:10:21.704,27.3110884473,45.6518743253,574.8956156019
2025-06-03 21:15:21.704,28.4790414227,49.0619858898,566.0429756099
2025-06-03 21:20:21.704,27.7279757225,51.1541818642,569.3920788706
2025-06-03 21:25:21.704,27.5391755586,51.0879226163,579.9330883171
2025-06-03 21:30:21.704,27.8040248645,49.9691206231,568.0811322261
2025-06-03 21:35:21.704,26.896691786,48.6688474209,556.0851001839
2025-06-03 21:40:21.704,27.1441702763,50.619110112,570.460077935
2025-06-03 21:45:21.704,27.7643990448,52.141360972,562.9619852826
2025-06-03 21:50:21.704,27.2048483721,50.2217174191,589.4333841595
2025-06-03 21:55:21.704,27.1710720937,53.0940003729,579.9429761602
2025-06-03 22:00:21.704,27.6633268365,55.012328068,585.8872853817
2025-06-03 22:05:21.704,27.713162509,49.4675539998,596.1198008585
2025-06-03 22:10:21.704,27.3537144999,52.2034723937,561.63110079
2025-06-03 22:15:21.704,26.6252189903,57.1378590696,597.65901591
2025-06-03 22:20:21.704,26.7529954015,54.377498142,594.5082461658
2025-06-03 22:25:21.704,26.056444149,52.7263694114,545.557282336
2025-06-03 22:30:21.704,26.8939589989,52.1776216294,574.5963351853
2025-06-03 22:35:21.704,26.3906446709,57.1664169144,579.7275563641
2025-06-03 22:40:21.704,26.2781873206,53.6185479164,594.1362203186
2025-06-03 22:45:21.704,25.4633253212,55.1534098695,584.8922431916
2025-06-03 22:50:21.704,26.2764320585,57.3893533853,601.8642414208
2025-06-03 22:55:21.704,25.0328167573,57.8074942851,616.4894644415
2025-06-03 23:00:21.704,25.6920509674,58.3071416375,581.5346738452
2025-06-03 23:05:21.704,26.9657124494,61.4294238844,622.7762037119
2025-06-03 23:10:21.704,25.3784870982,58.3603008599,607.126197944
2025-06-03 23:15:21.704,25.824863759,59.850225673,577.4308477031
2025-06-03 23:20:21.704,24.4513090693,60.7796123632,581.089817704
2025-06-03 23:25:21.704,24.9495439648,57.1632488174,600.7356800278
2025-06-03 23:30:21.704,24.8853539644,62.0848043278,600.806777524
2025-06-03 23:35:21.704,24.6599061186,66.1245000729,624.9614681056
2025-06-03 23:40:21.704,24.1549509637,64.7615789015,628.1572642364
2025-06-03 23:45:21.704,24.0766834903,63.4525563251,586.5160079059
2025-06-03 23:50:21.704,24.2615708332,60.6323287905,598.9390424572
2025-06-03 23:55:21.704,23.8563212964,70.05894527,592.0260588577
2025-06-04 00:00:21.704,23.4112102168,70.1077136585,613.15648957
2025-06-04 00:05:21.704,23.6273282642,64.9251924495,617.321393267
2025-06-04 00:10:21.704,24.1509580905,64.870795368,592.5765870507
2025-06-04 00:15:21.704,24.6880957231,68.5279868838,622.7873301029
2025-06-04 00:20:21.704,23.0368280369,64.0617474222,592.2975633986
2025-06-04 00:25:21.704,23.9858853764,68.505418709,579.1609641418
2025-06-04 00:30:21.704,23.6670430564,69.5419576429,605.5375077875
2025-06-04 00:35:21.704,22.216235804,70.8894779557,634.4143515413
2025-06-04 00:40:21.704,23.0655245987,70.617287872,578.8812625847
2025-06-04 00:45:21.704,22.5411922671,69.2293343435,568.9794336559
2025-06-04 00:50:21.704,23.2346055108,73.9536365366,580.7916318734
2025-06-04 00:55:21.704,22.2337580789,70.8034673757,592.8984082296
2025-06-04 01:00:21.704,21.9847296056,72.5642264266,584.8289107926
2025-06-04 01:05:21.704,21.7653408467,72.8501620858,596.6344323627
2025-06-04 01:10:21.704,22.271133316,72.2285848868,616.5246741887
2025-06-04 01:15:21.704,21.8577579576,74.1582748278,564.2298668813
2025-06-04 01:20:21.704,22.343019612,74.6301282695,592.8204704341
2025-06-04 01:25:21.704,22.3609390967,75.8973472338,602.301279474
2025-06-04 01:30:21.704,21.3486131838,72.4178748373,588.0416305561
2025-06-04 01:35:21.704,21.7795581318,72.2503544852,581.9123840655
2025-06-04 01:40:21.704,21.4658134113,76.6952697044,591.0974165959
2025-06-04 01:45:21.704,21.8342432097,77.046429274,595.4724291528
2025-06-04 01:50:21.704,21.7862275577,75.2638409065,561.7614043803
2025-06-04 01:55:21.704,21.1067282712,76.14043039,575.9403392703
2025-06-04 02:00:21.704,21.3129660764,75.9784659688,593.6606690301
2025-06-04 02:05:21.704,21.8766681283,75.0083077696,585.9785628613
2025-06-04 02:10:21.704,20.5879927652,78.0067566432,578.3241306446
2025-06-04 02:15:21.704,20.8859193427,78.8610468177,592.3945335362
2025-06-04 02:20:21.704,20.5845282474,79.7649345982,594.016377661
2025-06-04 02:25:21.704,19.9504021772,80.8077829909,557.9464983694
2025-06-04 02:30:21.704,20.0473267974,78.4342012296,584.1396477472
2025-06-04 02:35:21.704,20.0038077005,80.5907593746,569.3086459082
2025-06-04 02:40:21.704,20.7825357487,82.1725536868,588.6376541423
2025-06-04 02:45:21.704,19.9128074202,80.5812791433,566.7577999948
2025-06-04 02:50:21.704,21.0689977816,85.0100122644,565.6656679241
2025-06-04 02:55:21.704,20.3107442255,83.5141680404,577.0365015736
2025-06-04 03:00:21.704,19.0666578684,82.1399334426,565.170310646
2025-06-04 03:05:21.704,19.7367614025,81.5498824214,523.2034746181
2025-06-04 03:10:21.704,18.9005059042,83.9689841813,528.5406900593
2025-06-04 03:15:21.704,19.7193901149,84.8740566174,546.6770816781
2025-06-04 03:20:21.704,19.2469316784,79.692490549,546.9315955317
2025-06-04 03:25:21.704,18.9487747722,82.9597488961,542.2242442657
2025-06-04 03:30:21.704,19.6093791023,80.1096739201,552.9780093539
2025-06-04 03:35:21.704,20.2823937961,84.7961593307,549.1968337281
2025-06-04 03:40:21.704,18.585682792,85.6682439907,547.7226520389
2025-06-04 03:45:21.704,18.8049071315,88.1601030271,521.4407422283
2025-06-04 03:50:21.704,19.0043277271,84.9901646133,526.4151962666
2025-06-04 03:55:21.704,18.4458690623,84.5105489389,534.5607018037
2025-06-04 04:00:21.704,18.8572426383,86.9897099311,538.643497584
2025-06-04 04:05:21.704,18.3992528512,87.0883612075,569.518019547
2025-06-04 04:10:21.704,17.731144982300002,85.359442654,512.5059497049
2025-06-04 04:15:21.704,18.2326919429,83.9836770108,511.9810191712
2025-06-04 04:20:21.704,18.5929244741,83.221869577,479.3877945189
2025-06-04 04:25:21.704,19.1492305123,88.1300711023,497.74830409
2025-06-04 04:30:21.704,17.854566213600002,85.8547380252,503.5399303526
2025-06-04 04:35:21.704,19.4274231757,87.5752489419,511.8903941614
2025-06-04 04:40:21.704,17.4008024736,88.7850217235,507.3736615422
2025-06-04 04:45:21.704,18.460072834400002,84.9194216603,495.7655127557
2025-06-04 04:50:21.704,18.0064614791,93.1553504527,491.9182795982
2025-06-04 04:55:21.704,17.2889522448,90.6188525376,488.5276030842
2025-06-04 05:00:21.704,17.862186885,89.1885151235,489.2602737819
2025-06-04 05:05:21.704,18.4152847587,89.2085821682,473.3013663869
2025-06-04 05:10:21.704,18.7509373299,92.4153347714,485.9087869095
2025-06-04 05:15:21.704,18.7911687077,89.7839389601,457.7260808817
2025-06-04 05:20:21.704,17.8338679771,89.4221729042,500.5786231118
2025-06-04 05:25:21.704,17.3817078487,90.1774713145,480.7603354591
2025-06-04 05:30:21.704,18.4716536812,92.855069794,480.5479365312
2025-06-04 05:35:21.704,18.9060388997,91.8989378699,477.1370583323
2025-06-04 05:40:21.704,18.47188027,93.9874028168,458.5933676327
2025-06-04 05:45:21.704,17.7079164627,88.811167121,453.0354118513
2025-06-04 05:50:21.704,19.3807834577,89.4011613759,416.4341997612
2025-06-04 05:55:21.704,17.3674532096,94.1588459954,435.1542046924
2025-06-04 06:00:21.704,18.6641950039,88.2898126837,447.4181476217
2025-06-04 06:05:21.704,18.5492886998,91.0765520029,445.2314754366
2025-06-04 06:10:21.704,18.2274358274,89.094579002,430.757098258
2025-06-04 06:15:21.704,17.3512242831,91.1644266488,467.2459472116
2025-06-04 06:20:21.704,18.2364963214,89.1811792017,420.1292671772
2025-06-04 06:25:21.704,17.9889073929,89.630645934,431.648600238
2025-06-04 06:30:21.704,18.021000918,85.1525094437,412.7671151076
2025-06-04 06:35:21.704,17.8954058194,90.0299847988,440.6241078211
2025-06-04 06:40:21.704,18.0415301253,85.6812057599,414.4031564349
2025-06-04 06:45:21.704,18.0719686087,89.8966983344,440.4400719884
2025-06-04 06:50:21.704,18.3571579436,88.9256223537,422.9408174385
2025-06-04 06:55:21.704,17.7622120028,89.1472377099,407.2992772986
2025-06-04 07:00:21.704,18.0954725236,88.9028035233,403.3755487103
2025-06-04 07:05:21.704,18.8683346971,86.8350373016,415.1703564124
2025-06-04 07:10:21.704,18.2739449809,89.2471712932,409.487090718
2025-06-04 07:15:21.704,18.3628133555,89.6838852187,408.9813248031
2025-06-04 07:20:21.704,18.3665182967,91.4028226153,411.6538147101
2025-06-04 07:25:21.704,17.8603921315,88.3973763777,400.0
2025-06-04 07:30:21.704,18.6989425935,90.5933476591,400.0
2025-06-04 07:35:21.704,19.0035269705,84.5368052474,400.0
2025-06-04 07:40:21.704,18.5940553592,86.9037837286,405.721554163
2025-06-04 07:45:21.704,18.0302662968,85.5424122688,410.2582730638
2025-06-04 07:50:21.704,18.9237751469,89.2985004684,402.9617920163
2025-06-04 07:55:21.704,17.9805750163,88.3823500985,400.0
2025-06-04 08:00:21.704,19.2559738694,87.1235984709,423.5676218956
2025-06-04 08:05:21.704,19.5504393092,85.4281821859,400.0
2025-06-04 08:10:21.704,19.5941417722,87.0416577658,400.0
2025-06-04 08:15:21.704,18.6118677785,84.2412176904,400.0
2025-06-04 08:20:21.704,18.9797153227,82.0272264539,400.0
2025-06-04 08:25:21.704,19.2409765974,88.3130488932,400.0
2025-06-04 08:30:21.704,18.7278940546,86.0833327803,400.0
2025-06-04 08:35:21.704,18.1795559474,85.5696924321,400.0
2025-06-04 08:40:21.704,18.0931509014,83.1333350037,400.0
2025-06-04 08:45:21.704,19.6033888303,87.585617165,400.0
2025-06-04 08:50:21.704,19.0028798475,81.7974093153,400.0
2025-06-04 08:55:21.704,19.7942453247,83.2182653385,400.0
2025-06-04 09:00:21.704,19.5502112331,85.6034277014,400.0
2025-06-04 09:05:21.704,19.3283142402,81.8680833721,400.0
2025-06-04 09:10:21.704,20.7100198124,82.681160983,400.0
2025-06-04 09:15:21.704,20.4508537758,84.7364193754,400.0
2025-06-04 09:20:21.704,20.0997114268,80.9545247272,400.0
2025-06-04 09:25:21.704,19.0158349344,79.209909792,400.0
2025-06-04 09:30:21.704,21.2629718857,80.6550143586,400.0
2025-06-04 09:35:21.704,19.9190808163,83.032269485,400.0
2025-06-04 09:40:21.704,21.14066425,79.5822504177,400.0
2025-06-04 09:45:21.704,21.1124599832,77.3642745714,400.0
2025-06-04 09:50:21.704,19.755317219,78.5851182348,400.0
2025-06-04 09:55:21.704,19.7569365991,76.3648445321,400.0
2025-06-04 10:00:21.704,20.9302131834,77.6127940193,400.0
2025-06-04 10:05:21.704,22.1612172841,79.5338413219,400.0
2025-06-04 10:10:21.704,21.4698479924,75.7984906742,400.0
2025-06-04 10:15:21.704,21.2591610898,77.0193420633,400.0
2025-06-04 10:20:21.704,21.2172500555,75.8342312987,400.0
2025-06-04 10:25:21.704,21.5081323202,75.578381935,400.0
2025-06-04 10:30:21.704,21.7090425251,72.5819848927,400.0
2025-06-04 10:35:21.704,21.7649221061,70.9837154303,400.0
2025-06-04 10:40:21.704,23.2564857609,75.1556569713,400.0
2025-06-04 10:45:21.704,21.912830553,68.0081515274,400.0
2025-06-04 10:50:21.704,23.2577305026,73.3317865219,400.0
2025-06-04 10:55:21.704,22.6226241446,74.2577410029,400.0
2025-06-04 11:00:21.704,22.9285193292,71.5522082531,400.0
2025-06-04 11:05:21.704,22.8941109418,72.0068148102,400.0
2025-06-04 11:10:21.704,23.3510171842,67.525950817,400.0
2025-06-04 11:15:21.704,22.7001565068,72.5507070812,400.0
2025-06-04 11:20:21.704,23.1382944484,69.9217537173,400.0
2025-06-04 11:25:21.704,23.4470479712,69.3667720094,400.0
2025-06-04 11:30:21.704,23.2093076812,67.2534771793,400.0
2025-06-04 11:35:21.704,23.4438379025,68.1591080706,400.0
2025-06-04 11:40:21.704,23.4947979257,69.0899266393,400.0
2025-06-04 11:45:21.704,22.7907324264,65.3471467812,400.0
2025-06-04 11:50:21.704,24.6097376992,66.2160747447,400.0
2025-06-04 11:55:21.704,23.4414103803,63.9344823272,400.0
2025-06-04 12:00:21.704,22.4354168303,67.2244339797,400.0
2025-06-04 12:05:21.704,24.7137020862,62.6847355043,400.0
2025-06-04 12:10:21.704,24.1347452739,62.4286445356,400.0
2025-06-04 12:15:21.704,25.0062430338,65.3550686175,400.0
2025-06-04 12:20:21.704,25.1272803618,60.5909181556,400.0
2025-06-04 12:25:21.704,24.7850222629,63.1257216924,400.0
2025-06-04 12:30:21.704,25.6105548038,62.8112920123,400.0
2025-06-04 12:35:21.704,24.9472022492,59.3637584128,400.0
2025-06-04 12:40:21.704,25.034221237,59.4738939602,400.0
2025-06-04 12:45:21.704,24.9300690549,59.4053286085,400.0
2025-06-04 12:50:21.704,26.0708158277,59.792979205,400.0
2025-06-04 12:55:21.704,26.0901262465,57.9625467668,400.0
2025-06-04 13:00:21.704,26.0721076836,56.8609869977,400.0
2025-06-04 13:05:21.704,26.1232246932,56.2153091299,400.0
2025-06-04 13:10:21.704,25.4149826002,59.2884087549,400.0
2025-06-04 13:15:21.704,25.7623435129,56.5785336823,400.0
2025-06-04 13:20:21.704,25.9061080869,57.285269254,400.0
2025-06-04 13:25:21.704,26.0839076108,57.4853293309,400.0
2025-06-04 13:30:21.704,27.2536576302,54.2135708944,400.0
2025-06-04 13:35:21.704,26.0285690918,57.3034890555,400.0
2025-06-04 13:40:21.704,27.1093189832,54.8546394365,400.0
2025-06-04 13:45:21.704,27.3981761738,56.1681820061,400.0
2025-06-04 13:50:21.704,26.2309203452,54.3818897568,400.0
2025-06-04 13:55:21.704,26.861255249,50.4465214643,400.0
2025-06-04 14:00:21.704,27.4134262696,54.6488270016,400.0
2025-06-04 14:05:21.704,28.0412614205,52.6187683935,400.0
2025-06-04 14:10:21.704,27.3633592559,50.7183756811,400.0
2025-06-04 14:15:21.704,26.8175860754,50.7432891294,400.0
2025-06-04 14:20:21.704,27.7226678374,52.8177518628,400.0
2025-06-04 14:25:21.704,27.7087892398,49.2336110717,400.0
2025-06-04 14:30:21.704,27.1062975303,48.7284972357,400.0
2025-06-04 14:35:21.704,27.8400776479,52.6310749156,400.0
2025-06-04 14:40:21.704,28.4424018539,52.1771613483,400.0
2025-06-04 14:45:21.704,28.1190199005,47.8590317225,400.0
2025-06-04 14:50:21.704,28.1643082781,46.061644797,400.0
2025-06-04 14:55:21.704,27.7837397895,48.3105832604,400.0
2025-06-04 15:00:21.704,28.2978120842,45.2427803337,400.0
2025-06-04 15:05:21.704,28.1278111513,47.0368352562,400.0
2025-06-04 15:10:21.704,27.2822155542,43.674963905,400.0
2025-06-04 15:15:21.704,29.0433978269,49.3899691908,400.0
2025-06-04 15:20:21.704,28.8581147828,45.4598248401,400.0
2025-06-04 15:25:21.704,28.9973554656,44.5971416167,400.0
2025-06-04 15:30:21.704,29.5640588045,43.3522114902,400.0
2025-06-04 15:35:21.704,29.1060723708,44.3490851309,400.0
2025-06-04 15:40:21.704,29.7189287492,41.7357488025,400.0
2025-06-04 15:45:21.704,28.7185912223,45.4435842905,400.0
2025-06-04 15:50:21.704,28.93371993,44.1850026514,400.0
2025-06-04 15:55:21.704,28.5331009418,42.648071072,400.0
2025-06-04 16:00:21.704,28.760832923,43.9717115316,400.0
2025-06-04 16:05:21.704,29.3569529016,41.8661760517,409.8898848711
2025-06-04 16:10:21.704,29.2530417286,42.672891637,400.0
2025-06-04 16:15:21.704,29.3142225359,42.8355966494,400.0
2025-06-04 16:20:21.704,28.9597009014,41.7198764866,400.0
2025-06-04 16:25:21.704,29.4793844814,41.2459132582,400.0
2025-06-04 16:30:21.704,30.1646867418,38.9542514804,401.7651046084
2025-06-04 16:35:21.704,29.8533196253,41.1249143773,400.0
2025-06-04 16:40:21.704,29.3277905807,43.9297101454,400.0
2025-06-04 16:45:21.704,29.2269689831,38.9668817893,400.0
2025-06-04 16:50:21.704,29.5927631066,38.9265723588,400.0
2025-06-04 16:55:21.704,29.6639855314,39.4488081059,425.7955844975
2025-06-04 17:00:21.704,29.6400678689,36.5419947732,424.5101410147
2025-06-04 17:05:21.704,29.6830545671,39.3477056613,423.386746234
2025-06-04 17:10:21.704,29.7337723113,38.3561320097,427.2910046817
2025-06-04 17:15:21.704,29.5034339791,40.8460890698,426.6537412356
2025-06-04 17:20:21.704,28.8090927425,40.200606626,413.0442349004
2025-06-04 17:25:21.704,29.3185116915,38.5538432067,426.0152566089
2025-06-04 17:30:21.704,30.1926392693,38.1823280076,423.3814672269
2025-06-04 17:35:21.704,29.6114431206,40.6519736662,426.4390212776
2025-06-04 17:40:21.704,29.5026200278,39.5421656755,435.3166177674
2025-06-04 17:45:21.704,29.7495689053,39.9557558839,439.5520322802
2025-06-04 17:50:21.704,30.5347681901,44.2107136222,437.1916748929
2025-06-04 17:55:21.704,30.7251128486,39.8428934432,447.4940888308
2025-06-04 18:00:21.704,30.4496745206,37.8579277975,438.1478862976
2025-06-04 18:05:21.704,30.0851898674,45.1029714625,441.6849771428
2025-06-04 18:10:21.704,29.7008938337,38.6387704592,438.1489753758
2025-06-04 18:15:21.704,29.7782275905,39.2848110237,418.8893172251
2025-06-04 18:20:21.704,29.6497215132,39.2489558243,446.9416712292
2025-06-04 18:25:21.704,29.7306069935,41.5030959454,471.1212202798
2025-06-04 18:30:21.704,29.9596413961,39.6907986976,485.5440965353
2025-06-04 18:35:21.704,29.6130491377,40.4734955741,470.7262133444
2025-06-04 18:40:21.704,29.6630922901,41.164382688,467.9732491274
2025-06-04 18:45:21.704,29.8350362419,41.5996664906,487.5517565154
2025-06-04 18:50:21.704,30.1900749897,40.1024862532,465.660075819
2025-06-04 18:55:21.704,29.7734569773,45.4915028687,468.9654629467
2025-06-04 19:00:21.704,29.7734198516,39.5089857875,487.1531754401
2025-06-04 19:05:21.704,30.8829199315,40.4057457393,467.7295807024
2025-06-04 19:10:21.704,29.2068467406,42.3810818858,487.9363718005
2025-06-04 19:15:21.704,29.5932854187,40.8260949154,494.2861983236
2025-06-04 19:20:21.704,29.766536381,43.0027290141,524.1004670199
2025-06-04 19:25:21.704,30.4381397797,39.8898507059,513.9047362937
2025-06-04 19:30:21.704,28.9555249923,43.3528199806,500.5123422759
2025-06-04 19:35:21.704,29.2744909906,40.4460248964,510.239537339
2025-06-04 19:40:21.704,29.6955605887,40.8333015256,545.0372966177
2025-06-04 19:45:21.704,29.4021792297,42.1770750042,523.616409015
2025-06-04 19:50:21.704,28.8711381109,42.753231293,515.5336789863
2025-06-04 19:55:21.704,28.6714593066,41.4228136008,527.1575877837
2025-06-04 20:00:21.704,28.9591346239,43.515987227,499.2799277931
2025-06-04 20:05:21.704,29.0888672617,45.8515326657,532.1242407465
2025-06-04 20:10:21.704,29.4046407351,43.0883385899,527.015611944
2025-06-04 20:15:21.704,28.5768204126,44.8746318578,518.3556581601
2025-06-04 20:20:21.704,28.5141234037,46.4745434052,528.4801345934
2025-06-04 20:25:21.704,29.1811480836,46.8044919638,525.8654352476
2025-06-04 20:30:21.704,28.876920977,47.4109679588,540.6292987518
2025-06-04 20:35:21.704,29.483419515,43.4688560966,549.7642752616
2025-06-04 20:40:21.704,28.6543201819,45.4581257127,545.5499132243
2025-06-04 20:45:21.704,28.2663923626,44.7378141368,543.7808026037
2025-06-04 20:50:21.704,29.0379682682,44.9396655717,581.1775857292
2025-06-04 20:55:21.704,27.7927637221,46.6672021682,546.0342656909
2025-06-04 21:00:21.704,28.7127258918,43.7733756441,565.9273728709
2025-06-04 21:05:21.704,28.9831272656,50.6774780159,618.9056565233
2025-06-04 21:10:21.704,28.5196737203,51.1913819944,555.2384135197
2025-06-04 21:15:21.704,27.8453461296,50.2659564487,564.969896935
2025-06-04 21:20:21.704,27.3962259635,50.864185188,546.2174654237
2025-06-04 21:25:21.704,28.2911538377,50.0113679489,563.1561641496
2025-06-04 21:30:21.704,27.0247065966,48.625047186,566.2836856575
2025-06-04 21:35:21.704,27.7614202587,50.7186653858,615.9921995031
2025-06-04 21:40:21.704,26.8394437718,50.3129208485,560.7794402097
2025-06-04 21:45:21.704,27.6464529406,50.4612376906,610.1536116936
2025-06-04 21:50:21.704,28.3808154014,48.3245730957,562.5167271
2025-06-04 21:55:21.704,27.6174233121,56.3425847127,568.9182547292
2025-06-04 22:00:21.704,27.8934423388,57.0777836663,575.3512252684
2025-06-04 22:05:21.704,27.6031834741,53.021692578,588.4281127075
2025-06-04 22:10:21.704,26.7912231901,51.7719581525,590.9183441717
2025-06-04 22:15:21.704,25.9627198426,50.1180275629,545.6469686957
2025-06-04 22:20:21.704,26.8724847811,52.0075321968,608.774785067
2025-06-04 22:25:21.704,26.8176726618,53.7389327781,590.3678398393
2025-06-04 22:30:21.704,27.0139417856,53.5517013244,590.0344844769
2025-06-04 22:35:21.704,25.3854870912,56.2533693596,591.3559186101
2025-06-04 22:40:21.704,25.0234257478,55.0383431385,601.5603341464
2025-06-04 22:45:21.704,25.7363652272,58.6082578268,612.9468155765
2025-06-04 22:50:21.704,25.8783018106,59.2933165315,598.9377309554
2025-06-04 22:55:21.704,25.7015567802,57.5782446703,582.9824958736
2025-06-04 23:00:21.704,26.505472825600002,59.1191530562,581.4698989936
2025-06-04 23:05:21.704,24.4947707742,59.7875223351,589.3758615666
2025-06-04 23:10:21.704,25.6536591065,58.965176951,574.305504319
2025-06-04 23:15:21.704,25.0596080934,58.5676435472,592.6179188237
2025-06-04 23:20:21.704,24.0233307062,58.7842933465,612.1028995259
2025-06-04 23:25:21.704,25.1726355021,60.8818014969,596.1653144725
2025-06-04 23:30:21.704,25.9053023856,59.5142033339,580.148858693
2025-06-04 23:35:21.704,24.8669251935,63.3035762107,601.0904947535
2025-06-04 23:40:21.704,24.2095490142,58.9910125664,607.9068884787
2025-06-04 23:45:21.704,24.5887863624,59.1504963313,578.2845990218
2025-06-04 23:50:21.704,24.8033730626,62.4374296454,589.4391581541
2025-06-04 23:55:21.704,23.8063297383,64.7825210224,587.0013970908
2025-06-05 00:00:21.704,24.0418934638,68.4992495506,624.8907052472
2025-06-05 00:05:21.704,23.781017906,66.7617022443,596.3410758571
2025-06-05 00:10:21.704,23.572921171,68.6153105195,589.5886585105
2025-06-05 00:15:21.704,24.4451396138,65.5933312152,611.5992800689
2025-06-05 00:20:21.704,22.8181832968,71.6084886818,582.1230889133
2025-06-05 00:25:21.704,23.0157569223,69.6635963927,577.3462896602
2025-06-05 00:30:21.704,23.4500164661,68.1495516647,645.0626479209
2025-06-05 00:35:21.704,23.3014612963,71.3738642096,618.7154148032
2025-06-05 00:40:21.704,23.9233514408,68.3401528248,595.0104510833
2025-06-05 00:45:21.704,22.928335934,71.0150154276,615.6342524417
2025-06-05 00:50:21.704,22.9483654141,68.7720053294,575.2551734983
2025-06-05 00:55:21.704,21.923774796700002,72.5959338659,602.2300651502
2025-06-05 01:00:21.704,22.406082646,71.6274208019,579.1387857299
2025-06-05 01:05:21.704,22.2235529071,74.7513457705,594.7345852026
2025-06-05 01:10:21.704,22.6921164852,71.4007473783,585.4565307622
2025-06-05 01:15:21.704,21.7703374428,71.4803080873,581.917254087
2025-06-05 01:20:21.704,21.7964727842,75.4164403509,554.680617236
2025-06-05 01:25:21.704,21.1909598609,75.6470648738,555.8460009346
2025-06-05 01:30:21.704,22.4548407406,75.9534846253,604.2375474598
2025-06-05 01:35:21.704,21.8779958742,74.4180911684,581.8640468306
2025-06-05 01:40:21.704,21.5217598639,78.4308033428,582.7700086758
2025-06-05 01:45:21.704,21.9293909276,74.6057280595,588.8455532931
2025-06-05 01:50:21.704,21.2316852676,79.4323561939,566.1517312019
2025-06-05 01:55:21.704,20.8462217398,75.7621238047,563.336129216
2025-06-05 02:00:21.704,20.0888697721,79.2152078507,563.1676437707
2025-06-05 02:05:21.704,20.3013336971,74.822120313,558.4208997709
2025-06-05 02:10:21.704,20.7667316335,74.4322649609,584.5098922489
2025-06-05 02:15:21.704,20.544107542,78.5258343147,586.5669799043
2025-06-05 02:20:21.704,20.5068639154,79.4252122715,591.1497191639
2025-06-05 02:25:21.704,20.4617631625,80.9318479701,577.2630773457
2025-06-05 02:30:21.704,20.2024715259,80.5155401261,549.559745113
2025-06-05 02:35:21.704,20.5760049665,76.7763417104,560.6756182658
2025-06-05 02:40:21.704,20.6363646664,77.953241261,550.8378354325
2025-06-05 02:45:21.704,19.4239871288,79.1471981417,553.3470234099
2025-06-05 02:50:21.704,20.2717616687,82.4977077467,575.760050288
2025-06-05 02:55:21.704,19.0991163088,83.1135207979,574.9042743084
2025-06-05 03:00:21.704,19.4692396313,81.0248432806,563.1024002202
2025-06-05 03:05:21.704,19.8203853338,83.0798869845,558.1772889871
2025-06-05 03:10:21.704,20.267332433,82.3893191334,569.0818032443
2025-06-05 03:15:21.704,19.0248444997,84.1224721928,548.2579332521
2025-06-05 03:20:21.704,18.893625911,81.9669411873,533.3962580891
2025-06-05 03:25:21.704,19.5387513596,84.8419037311,534.438175775
2025-06-05 03:30:21.704,20.8133649041,84.7848702536,556.8624117343
2025-06-05 03:35:21.704,18.1205164423,84.5980659983,533.7963025963
2025-06-05 03:40:21.704,19.173516387,86.5523707363,528.8586567268
2025-06-05 03:45:21.704,19.0456510529,82.9953576648,511.698786157
2025-06-05 03:50:21.704,18.9303540861,86.1646324889,535.1901889416
2025-06-05 03:55:21.704,18.7717354263,88.3198490826,499.3290832861
2025-06-05 04:00:21.704,17.9532715419,88.0754135133,506.5440456517
2025-06-05 04:05:21.704,18.4617758455,88.4806591687,511.4028430324
2025-06-05 04:10:21.704,18.4497004972,86.719606231,511.8844263071
2025-06-05 04:15:21.704,19.415159935,84.5959670185,520.3511920976
2025-06-05 04:20:21.704,17.5185310993,91.2002366622,513.0072402026
2025-06-05 04:25:21.704,18.5380264263,86.6144546674,521.9102526708
2025-06-05 04:30:21.704,18.5088695974,87.9118581188,504.1532267997
2025-06-05 04:35:21.704,18.1684507476,87.6226318021,501.1850430681
2025-06-05 04:40:21.704,18.6766287622,91.0362521065,481.0098679215
2025-06-05 04:45:21.704,18.0249770246,89.2863512065,505.9952363089
2025-06-05 04:50:21.704,17.6628539189,89.5215919507,493.5016914087
2025-06-05 04:55:21.704,18.7174028453,92.6961800516,465.2122147813
2025-06-05 05:00:21.704,18.4879672473,92.6140253715,475.3303303285
2025-06-05 05:05:21.704,18.56520572,86.2806495048,510.0925622145
2025-06-05 05:10:21.704,18.9861108127,88.4800478598,493.4368612973
2025-06-05 05:15:21.704,17.9353030679,86.4726043783,473.7895073212
2025-06-05 05:20:21.704,17.7557170808,91.3882380683,476.4442304927
2025-06-05 05:25:21.704,18.5285286497,87.2460217332,457.189156254
2025-06-05 05:30:21.704,17.4737477845,87.165294869,481.8010730884
2025-06-05 05:35:21.704,18.2398517193,90.9209640075,500.118403851
2025-06-05 05:40:21.704,18.6622469457,88.6427432693,473.2772643571
2025-06-05 05:45:21.704,17.9367515081,92.4372033855,496.1984606928
2025-06-05 05:50:21.704,17.8360751205,87.9843262145,456.696208271
2025-06-05 05:55:21.704,17.998032899400002,89.3296639261,452.6243681215
2025-06-05 06:00:21.704,18.2921622734,90.8717879082,461.3801770117
2025-06-05 06:05:21.704,18.2605773966,86.8482196343,447.7527611437
2025-06-05 06:10:21.704,17.8896169975,89.3983783563,489.4480721718
2025-06-05 06:15:21.704,17.3843784684,88.2542638043,410.1866555884
2025-06-05 06:20:21.704,18.5543839081,91.1448329959,425.7691161229
2025-06-05 06:25:21.704,18.7590215056,89.5255847296,437.5391317393
2025-06-05 06:30:21.704,17.4688759515,91.4699752111,458.7066119762
2025-06-05 06:35:21.704,17.7957055735,87.5404092757,423.0326228117
2025-06-05 06:40:21.704,18.4413151679,87.1952807844,461.9053194125
2025-06-05 06:45:21.704,18.5234498046,87.5976582965,425.5479889318
2025-06-05 06:50:21.704,18.7136864888,87.9383645397,450.0565795269
2025-06-05 06:55:21.704,17.5722177074,83.9847944569,400.0
2025-06-05 07:00:21.704,18.1609737195,88.7701628026,403.0397226621
2025-06-05 07:05:21.704,17.7254280625,91.7951222106,420.3746680465
2025-06-05 07:10:21.704,18.8942835807,89.9389406267,425.182918454
2025-06-05 07:15:21.704,18.4033012451,90.0337101221,413.0452743456
2025-06-05 07:20:21.704,18.7834353886,89.7610523729,405.0519939143
2025-06-05 07:25:21.704,16.939354613,87.8515704129,400.0
2025-06-05 07:30:21.704,19.239510488,86.8821919877,407.6760458236
2025-06-05 07:35:21.704,18.6384278205,84.6633612415,402.4207259121
2025-06-05 07:40:21.704,18.4913181648,85.7906398081,400.0
2025-06-05 07:45:21.704,19.1310708761,88.0340215378,400.0
2025-06-05 07:50:21.704,20.0335892572,84.8613818565,400.0
2025-06-05 07:55:21.704,19.4025362621,89.1521102819,400.0
2025-06-05 08:00:21.704,19.1960447684,85.3079856578,400.0
2025-06-05 08:05:21.704,19.0945860903,90.3743059955,400.0
2025-06-05 08:10:21.704,18.5524428221,85.3642095256,400.0
2025-06-05 08:15:21.704,19.2207423104,87.8047986357,400.0
2025-06-05 08:20:21.704,18.9986224801,83.4725648257,400.0
2025-06-05 08:25:21.704,18.8895179069,85.8134655232,400.0
2025-06-05 08:30:21.704,19.6469432752,86.2468596979,400.0
2025-06-05 08:35:21.704,19.6072512299,84.272708133,400.0
2025-06-05 08:40:21.704,18.9468063922,78.8718790184,400.0
2025-06-05 08:45:21.704,19.1276761216,85.3099625582,400.0
2025-06-05 08:50:21.704,20.0293249595,79.5521540513,400.0
2025-06-05 08:55:21.704,19.5671551041,85.6561053335,400.0
2025-06-05 09:00:21.704,19.4727602599,84.0883900426,400.0
2025-06-05 09:05:21.704,20.0976455772,83.2649687255,400.0
2025-06-05 09:10:21.704,20.0596766135,85.454040149,400.0
2025-06-05 09:15:21.704,19.6680635651,78.1322245035,400.0
2025-06-05 09:20:21.704,21.0253497776,79.3911874735,400.0
2025-06-05 09:25:21.704,20.664382191,80.1167216355,400.0
2025-06-05 09:30:21.704,19.7309267962,78.168672664,400.0
2025-06-05 09:35:21.704,21.3146881872,84.1405443334,400.0
2025-06-05 09:40:21.704,19.8701074182,80.3822866228,400.0
2025-06-05 09:45:21.704,20.0013801417,78.6103754462,400.0
2025-06-05 09:50:21.704,20.757651182,74.7507528169,400.0
2025-06-05 09:55:21.704,20.5994556186,81.7816151728,400.0
2025-06-05 10:00:21.704,20.9004249211,72.3209780832,400.0
2025-06-05 10:05:21.704,22.164285478,76.5695556746,400.0
2025-06-05 10:10:21.704,20.1765680518,79.3750102108,400.0
2025-06-05 10:15:21.704,21.3407654639,73.8582542302,400.0
2025-06-05 10:20:21.704,20.9192518263,74.5598726831,400.0
2025-06-05 10:25:21.704,22.7276651149,77.1432344094,400.0
2025-06-05 10:30:21.704,21.8145253785,75.7618844809,400.0
2025-06-05 10:35:21.704,22.382326179,68.8671410145,400.0
2025-06-05 10:40:21.704,21.8138511839,77.2864247289,400.0
2025-06-05 10:45:21.704,22.4897649803,69.6326534001,400.0
2025-06-05 10:50:21.704,22.3621354138,73.1528242897,400.0
2025-06-05 10:55:21.704,22.7933941487,69.1516434683,400.0
2025-06-05 11:00:21.704,21.5335132345,75.2695940019,400.0
2025-06-05 11:05:21.704,22.3744016314,72.9054015383,400.0
2025-06-05 11:10:21.704,23.1260477692,74.567631497,400.0
2025-06-05 11:15:21.704,22.8221285968,67.0646517177,400.0
2025-06-05 11:20:21.704,22.9639317463,70.9889277227,400.0
2025-06-05 11:25:21.704,22.9401264163,69.8837805067,400.0
2025-06-05 11:30:21.704,23.3236339153,68.1965634003,400.0
2025-06-05 11:35:21.704,23.3425061353,67.7722315963,400.0
2025-06-05 11:40:21.704,22.522604368,65.8889095129,400.0
2025-06-05 11:45:21.704,23.6088443453,67.7366038411,400.0
2025-06-05 11:50:21.704,24.2125353003,63.1756112752,400.0
2025-06-05 11:55:21.704,23.8268743971,66.2390362153,400.0
2025-06-05 12:00:21.704,23.8496333624,62.7286829214,400.0
